color short,color name,color code,r,g,b,description,main_color
air_force_blue_raf,Air Force Blue (Raf),#5d8aa8,93,138,168,Mostly desaturated dark blue,black
air_force_blue_usaf,Air Force Blue (Usaf),#00308f,0,48,143,Dark blue,black
air_superiority_blue,Air Superiority Blue,#72a0c1,114,160,193,Slightly desaturated blue,blue
alabama_crimson,Alabama Crimson,#a32638,163,38,56,Dark red,black
alice_blue,Alice Blue,#f0f8ff,240,248,255,Very pale (mostly white) blue,white
alizarin_crimson,Alizarin Crimson,#e32636,227,38,54,Bright red,red
alloy_orange,Alloy Orange,#c46210,196,98,16,Strong orange,orange
almond,Almond,#efdecd,239,222,205,Light grayish orange,gray
amaranth,Amaranth,#e52b50,229,43,80,Bright red,red
amber,Amber,#ffbf00,255,191,0,Pure (or mostly pure) orange,orange
amber_sae_ece,Amber (Sae/Ece),#ff7e00,255,126,0,Pure (or mostly pure) orange,orange
american_rose,American Rose,#ff033e,255,3,62,Vivid red,red
amethyst,Amethyst,#9966cc,153,102,204,Moderate violet,violet
android_green,Android Green,#a4c639,164,198,57,Moderate yellow,yellow
anti_flash_white,Anti-Flash White,#f2f3f4,242,243,244,Light grayish blue,blue
antique_brass,Antique Brass,#cd9575,205,149,117,Slightly desaturated orange,orange
antique_fuchsia,Antique Fuchsia,#915c83,145,92,131,Mostly desaturated dark pink,black
antique_ruby,Antique Ruby,#841b2d,132,27,45,Dark red,black
antique_white,Antique White,#faebd7,250,235,215,Light grayish orange,gray
ao_english,Ao (English),#008000,0,128,0,Dark lime green,black
apple_green,Apple Green,#8db600,141,182,0,Strong yellow,yellow
apricot,Apricot,#fbceb1,251,206,177,Very soft orange,orange
aqua,Aqua,#00ffff,0,255,255,Pure (or mostly pure) cyan,cyan
aquamarine,Aquamarine,#7fffd4,127,255,212,Very light cyan - lime green,green
army_green,Army Green,#4b5320,75,83,32,Very dark yellow [Olive tone],black
arsenic,Arsenic,#3b444b,59,68,75,Very dark grayish blue,black
arylide_yellow,Arylide Yellow,#e9d66b,233,214,107,Soft yellow,yellow
ash_grey,Ash Grey,#b2beb5,178,190,181,Grayish cyan - lime green,green
asparagus,Asparagus,#87a96b,135,169,107,Mostly desaturated dark green,black
atomic_tangerine,Atomic Tangerine,#ff9966,255,153,102,Light orange,orange
auburn,Auburn,#a52a2a,165,42,42,Dark red,black
aureolin,Aureolin,#fdee00,253,238,0,Pure (or mostly pure) yellow,yellow
aurometalsaurus,Aurometalsaurus,#6e7f80,110,127,128,Dark grayish cyan,black
avocado,Avocado,#568203,86,130,3,Dark green,black
azure,Azure,#007fff,0,127,255,Pure (or mostly pure) blue,blue
azure_mist_web,Azure Mist/Web,#f0ffff,240,255,255,Very pale (mostly white) cyan,white
baby_blue,Baby Blue,#89cff0,137,207,240,Very soft blue,blue
baby_blue_eyes,Baby Blue Eyes,#a1caf1,161,202,241,Very soft blue,blue
baby_pink,Baby Pink,#f4c2c2,244,194,194,Very soft red,red
ball_blue,Ball Blue,#21abcd,33,171,205,Strong cyan,cyan
banana_mania,Banana Mania,#fae7b5,250,231,181,Very soft orange,orange
banana_yellow,Banana Yellow,#ffe135,255,225,53,Light yellow,yellow
barn_red,Barn Red,#7c0a02,124,10,2,Dark red,black
battleship_grey,Battleship Grey,#848482,132,132,130,Dark grayish yellow,black
bazaar,Bazaar,#98777b,152,119,123,Dark grayish red,black
beau_blue,Beau Blue,#bcd4e6,188,212,230,Light grayish blue,blue
beaver,Beaver,#9f8170,159,129,112,Mostly desaturated dark orange,black
beige,Beige,#f5f5dc,245,245,220,Light grayish yellow,yellow
big_dip_o_ruby,Big Dip O’Ruby,#9c2542,156,37,66,Dark red,black
bisque,Bisque,#ffe4c4,255,228,196,Very pale orange,orange
bistre,Bistre,#3d2b1f,61,43,31,Very dark desaturated orange,black
bittersweet,Bittersweet,#fe6f5e,254,111,94,Soft red,red
bittersweet_shimmer,Bittersweet Shimmer,#bf4f51,191,79,81,Moderate red,red
black,Black,#000000,0,0,0,Black,black
black_bean,Black Bean,#3d0c02,61,12,2,Very dark red,black
black_leather_jacket,Black Leather Jacket,#253529,37,53,41,Very dark grayish cyan - lime green,black
black_olive,Black Olive,#3b3c36,59,60,54,Very dark grayish yellow,black
blanched_almond,Blanched Almond,#ffebcd,255,235,205,Very pale orange,orange
blast_off_bronze,Blast-Off Bronze,#a57164,165,113,100,Mostly desaturated dark red,black
bleu_de_france,Bleu De France,#318ce7,49,140,231,Bright blue,blue
blizzard_blue,Blizzard Blue,#ace5ee,172,229,238,Very soft cyan,cyan
blond,Blond,#faf0be,250,240,190,Very soft yellow,yellow
blue,Blue,#0000ff,0,0,255,Pure (or mostly pure) blue,blue
blue_bell,Blue Bell,#a2a2d0,162,162,208,Grayish blue,blue
blue_crayola,Blue (Crayola),#1f75fe,31,117,254,Vivid blue,blue
blue_gray,Blue Gray,#69c,102,153,204,Moderate blue,blue
blue_green,Blue-Green,#0d98ba,13,152,186,Strong cyan,cyan
blue_munsell,Blue (Munsell),#0093af,0,147,175,Dark cyan,black
blue_ncs,Blue (Ncs),#0087bd,0,135,189,Strong blue,blue
blue_pigment,Blue (Pigment),#339,51,51,153,Dark moderate blue,black
blue_ryb,Blue (Ryb),#0247fe,2,71,254,Vivid blue,blue
blue_sapphire,Blue Sapphire,#126180,18,97,128,Dark blue,black
blue_violet,Blue-Violet,#8a2be2,138,43,226,Bright violet,violet
blush,Blush,#de5d83,222,93,131,Soft pink,pink
bole,Bole,#79443b,121,68,59,Dark moderate red,black
bondi_blue,Bondi Blue,#0095b6,0,149,182,Strong cyan,cyan
bone,Bone,#e3dac9,227,218,201,Light grayish orange,gray
boston_university_red,Boston University Red,#c00,204,0,0,Strong red,red
bottle_green,Bottle Green,#006a4e,0,106,78,Very dark cyan - lime green,black
boysenberry,Boysenberry,#873260,135,50,96,Dark moderate pink,black
brandeis_blue,Brandeis Blue,#0070ff,0,112,255,Pure (or mostly pure) blue,blue
brass,Brass,#b5a642,181,166,66,Moderate yellow,yellow
brick_red,Brick Red,#cb4154,203,65,84,Moderate red,red
bright_cerulean,Bright Cerulean,#1dacd6,29,172,214,Strong cyan,cyan
bright_green,Bright Green,#66ff00,102,255,0,Pure (or mostly pure) green,green
bright_lavender,Bright Lavender,#bf94e4,191,148,228,Very soft violet,violet
bright_maroon,Bright Maroon,#c32148,195,33,72,Strong red,red
bright_pink,Bright Pink,#ff007f,255,0,127,Pure (or mostly pure) pink,pink
bright_turquoise,Bright Turquoise,#08e8de,8,232,222,Vivid cyan,cyan
bright_ube,Bright Ube,#d19fe8,209,159,232,Very soft violet,violet
brilliant_lavender,Brilliant Lavender,#f4bbff,244,187,255,Pale magenta,magenta
brilliant_rose,Brilliant Rose,#ff55a3,255,85,163,Light pink,pink
brink_pink,Brink Pink,#fb607f,251,96,127,Soft red,red
british_racing_green,British Racing Green,#004225,0,66,37,Very dark cyan - lime green,black
bronze,Bronze,#cd7f32,205,127,50,Strong orange,orange
brown_traditional,Brown (Traditional),#964b00,150,75,0,Dark orange [Brown tone],black
brown_web,Brown (Web),#a52a2a,165,42,42,Dark red,black
bubble_gum,Bubble Gum,#ffc1cc,255,193,204,Very pale red,red
bubbles,Bubbles,#e7feff,231,254,255,Very pale (mostly white) cyan,white
buff,Buff,#f0dc82,240,220,130,Soft yellow,yellow
bulgarian_rose,Bulgarian Rose,#480607,72,6,7,Very dark red,black
burgundy,Burgundy,#800020,128,0,32,Dark red,black
burlywood,Burlywood,#deb887,222,184,135,Very soft orange,orange
burnt_orange,Burnt Orange,#c50,204,85,0,Strong orange,orange
burnt_sienna,Burnt Sienna,#e97451,233,116,81,Soft red,red
burnt_umber,Burnt Umber,#8a3324,138,51,36,Dark red,black
byzantine,Byzantine,#bd33a4,189,51,164,Moderate magenta,magenta
byzantium,Byzantium,#702963,112,41,99,Very dark magenta,black
cadet,Cadet,#536872,83,104,114,Very dark grayish blue,black
cadet_blue,Cadet Blue,#5f9ea0,95,158,160,Mostly desaturated dark cyan,black
cadet_grey,Cadet Grey,#91a3b0,145,163,176,Dark grayish blue,black
cadmium_green,Cadmium Green,#006b3c,0,107,60,Very dark cyan - lime green,black
cadmium_orange,Cadmium Orange,#ed872d,237,135,45,Bright orange,orange
cadmium_red,Cadmium Red,#e30022,227,0,34,Pure (or mostly pure) red,red
cadmium_yellow,Cadmium Yellow,#fff600,255,246,0,Pure (or mostly pure) yellow,yellow
caf_au_lait,Café Au Lait,#a67b5b,166,123,91,Dark moderate orange,black
caf_noir,Café Noir,#4b3621,75,54,33,Very dark desaturated orange,black
cal_poly_green,Cal Poly Green,#1e4d2b,30,77,43,Very dark cyan - lime green,black
cambridge_blue,Cambridge Blue,#a3c1ad,163,193,173,Grayish cyan - lime green,green
camel,Camel,#c19a6b,193,154,107,Slightly desaturated orange,orange
cameo_pink,Cameo Pink,#efbbcc,239,187,204,Very soft pink,pink
camouflage_green,Camouflage Green,#78866b,120,134,107,Dark grayish green,black
canary_yellow,Canary Yellow,#ffef00,255,239,0,Pure (or mostly pure) yellow,yellow
candy_apple_red,Candy Apple Red,#ff0800,255,8,0,Pure (or mostly pure) red,red
candy_pink,Candy Pink,#e4717a,228,113,122,Soft red,red
capri,Capri,#00bfff,0,191,255,Pure (or mostly pure) blue,blue
caput_mortuum,Caput Mortuum,#592720,89,39,32,Very dark red,black
cardinal,Cardinal,#c41e3a,196,30,58,Strong red,red
caribbean_green,Caribbean Green,#0c9,0,204,153,Strong cyan,cyan
carmine,Carmine,#960018,150,0,24,Dark red,black
carmine_m_p,Carmine (M&P),#d70040,215,0,64,Strong pink,pink
carmine_pink,Carmine Pink,#eb4c42,235,76,66,Bright red,red
carmine_red,Carmine Red,#ff0038,255,0,56,Pure (or mostly pure) red,red
carnation_pink,Carnation Pink,#ffa6c9,255,166,201,Pale pink,pink
carnelian,Carnelian,#b31b1b,179,27,27,Strong red,red
carolina_blue,Carolina Blue,#99badd,153,186,221,Very soft blue,blue
carrot_orange,Carrot Orange,#ed9121,237,145,33,Vivid orange,orange
catalina_blue,Catalina Blue,#062a78,6,42,120,Dark blue,black
ceil,Ceil,#92a1cf,146,161,207,Slightly desaturated blue,blue
celadon,Celadon,#ace1af,172,225,175,Very soft lime green,green
celadon_blue,Celadon Blue,#007ba7,0,123,167,Dark blue,black
celadon_green,Celadon Green,#2f847c,47,132,124,Dark moderate cyan,black
celeste_colour,Celeste (Colour),#b2ffff,178,255,255,Pale cyan,cyan
celestial_blue,Celestial Blue,#4997d0,73,151,208,Moderate blue,blue
cerise,Cerise,#de3163,222,49,99,Bright pink,pink
cerise_pink,Cerise Pink,#ec3b83,236,59,131,Bright pink,pink
cerulean,Cerulean,#007ba7,0,123,167,Dark blue,black
cerulean_blue,Cerulean Blue,#2a52be,42,82,190,Strong blue,blue
cerulean_frost,Cerulean Frost,#6d9bc3,109,155,195,Slightly desaturated blue,blue
cg_blue,Cg Blue,#007aa5,0,122,165,Dark blue,black
cg_red,Cg Red,#e03c31,224,60,49,Bright red,red
chamoisee,Chamoisee,#a0785a,160,120,90,Mostly desaturated dark orange,black
champagne,Champagne,#fad6a5,250,214,165,Very soft orange,orange
charcoal,Charcoal,#36454f,54,69,79,Very dark grayish blue,black
charm_pink,Charm Pink,#e68fac,230,143,172,Very soft pink,pink
chartreuse_traditional,Chartreuse (Traditional),#dfff00,223,255,0,Pure (or mostly pure) yellow,yellow
chartreuse_web,Chartreuse (Web),#7fff00,127,255,0,Pure (or mostly pure) green,green
cherry,Cherry,#de3163,222,49,99,Bright pink,pink
cherry_blossom_pink,Cherry Blossom Pink,#ffb7c5,255,183,197,Pale red,red
chestnut,Chestnut,#cd5c5c,205,92,92,Moderate red,red
china_pink,China Pink,#de6fa1,222,111,161,Soft pink,pink
china_rose,China Rose,#a8516e,168,81,110,Dark moderate pink,black
chinese_red,Chinese Red,#aa381e,170,56,30,Dark red,black
chocolate_traditional,Chocolate (Traditional),#7b3f00,123,63,0,Dark orange [Brown tone],black
chocolate_web,Chocolate (Web),#d2691e,210,105,30,Strong orange,orange
chrome_yellow,Chrome Yellow,#ffa700,255,167,0,Pure (or mostly pure) orange,orange
cinereous,Cinereous,#98817b,152,129,123,Dark grayish red,black
cinnabar,Cinnabar,#e34234,227,66,52,Bright red,red
cinnamon,Cinnamon,#d2691e,210,105,30,Strong orange,orange
citrine,Citrine,#e4d00a,228,208,10,Vivid yellow,yellow
classic_rose,Classic Rose,#fbcce7,251,204,231,Light grayish pink,pink
cobalt,Cobalt,#0047ab,0,71,171,Dark blue,black
cocoa_brown,Cocoa Brown,#d2691e,210,105,30,Strong orange,orange
coffee,Coffee,#6f4e37,111,78,55,Very dark desaturated orange,black
columbia_blue,Columbia Blue,#9bddff,155,221,255,Pale blue,blue
congo_pink,Congo Pink,#f88379,248,131,121,Soft red,red
cool_black,Cool Black,#002e63,0,46,99,Very dark blue,black
cool_grey,Cool Grey,#8c92ac,140,146,172,Dark grayish blue,black
copper,Copper,#b87333,184,115,51,Moderate orange,orange
copper_crayola,Copper (Crayola),#da8a67,218,138,103,Soft orange,orange
copper_penny,Copper Penny,#ad6f69,173,111,105,Mostly desaturated dark red,black
copper_red,Copper Red,#cb6d51,203,109,81,Moderate red,red
copper_rose,Copper Rose,#966,153,102,102,Mostly desaturated dark red,black
coquelicot,Coquelicot,#ff3800,255,56,0,Pure (or mostly pure) red,red
coral,Coral,#ff7f50,255,127,80,Light orange,orange
coral_pink,Coral Pink,#f88379,248,131,121,Soft red,red
coral_red,Coral Red,#ff4040,255,64,64,Light red,red
cordovan,Cordovan,#893f45,137,63,69,Dark moderate red,black
corn,Corn,#fbec5d,251,236,93,Soft yellow,yellow
cornell_red,Cornell Red,#b31b1b,179,27,27,Strong red,red
cornflower_blue,Cornflower Blue,#6495ed,100,149,237,Soft blue,blue
cornsilk,Cornsilk,#fff8dc,255,248,220,Very pale yellow,yellow
cosmic_latte,Cosmic Latte,#fff8e7,255,248,231,Very pale (mostly white) orange,white
cotton_candy,Cotton Candy,#ffbcd9,255,188,217,Pale pink,pink
cream,Cream,#fffdd0,255,253,208,Very pale yellow,yellow
crimson,Crimson,#dc143c,220,20,60,Vivid red,red
crimson_glory,Crimson Glory,#be0032,190,0,50,Strong pink,pink
cyan,Cyan,#0ff,0,255,255,Pure (or mostly pure) cyan,cyan
cyan_process,Cyan (Process),#00b7eb,0,183,235,Pure (or mostly pure) cyan,cyan
daffodil,Daffodil,#ffff31,255,255,49,Vivid yellow,yellow
dandelion,Dandelion,#f0e130,240,225,48,Bright yellow,yellow
dark_blue,Dark Blue,#00008b,0,0,139,Dark blue,black
dark_brown,Dark Brown,#654321,101,67,33,Very dark orange [Brown tone],black
dark_byzantium,Dark Byzantium,#5d3954,93,57,84,Very dark desaturated magenta,black
dark_candy_apple_red,Dark Candy Apple Red,#a40000,164,0,0,Dark red,black
dark_cerulean,Dark Cerulean,#08457e,8,69,126,Dark blue,black
dark_chestnut,Dark Chestnut,#986960,152,105,96,Mostly desaturated dark red,black
dark_coral,Dark Coral,#cd5b45,205,91,69,Moderate red,red
dark_cyan,Dark Cyan,#008b8b,0,139,139,Dark cyan,black
dark_electric_blue,Dark Electric Blue,#536878,83,104,120,Mostly desaturated dark blue,black
dark_goldenrod,Dark Goldenrod,#b8860b,184,134,11,Strong orange,orange
dark_gray,Dark Gray,#a9a9a9,169,169,169,Gray,gray
dark_green,Dark Green,#013220,1,50,32,Very dark (mostly black) cyan - lime green,black
dark_imperial_blue,Dark Imperial Blue,#00416a,0,65,106,Very dark blue,black
dark_jungle_green,Dark Jungle Green,#1a2421,26,36,33,Very dark (mostly black) cyan - lime green,black
dark_khaki,Dark Khaki,#bdb76b,189,183,107,Slightly desaturated yellow,yellow
dark_lava,Dark Lava,#483c32,72,60,50,Very dark grayish orange,black
dark_lavender,Dark Lavender,#734f96,115,79,150,Dark moderate violet,black
dark_magenta,Dark Magenta,#8b008b,139,0,139,Dark magenta,black
dark_midnight_blue,Dark Midnight Blue,#036,0,51,102,Very dark blue,black
dark_olive_green,Dark Olive Green,#556b2f,85,107,47,Very dark desaturated green,black
dark_orange,Dark Orange,#ff8c00,255,140,0,Pure (or mostly pure) orange,orange
dark_orchid,Dark Orchid,#9932cc,153,50,204,Strong violet,violet
dark_pastel_blue,Dark Pastel Blue,#779ecb,119,158,203,Slightly desaturated blue,blue
dark_pastel_green,Dark Pastel Green,#03c03c,3,192,60,Strong cyan - lime green,green
dark_pastel_purple,Dark Pastel Purple,#966fd6,150,111,214,Slightly desaturated violet,violet
dark_pastel_red,Dark Pastel Red,#c23b22,194,59,34,Strong red,red
dark_pink,Dark Pink,#e75480,231,84,128,Soft pink,pink
dark_powder_blue,Dark Powder Blue,#039,0,51,153,Dark blue,black
dark_raspberry,Dark Raspberry,#872657,135,38,87,Dark pink,black
dark_red,Dark Red,#8b0000,139,0,0,Dark red,black
dark_salmon,Dark Salmon,#e9967a,233,150,122,Soft orange,orange
dark_scarlet,Dark Scarlet,#560319,86,3,25,Very dark pink,black
dark_sea_green,Dark Sea Green,#8fbc8f,143,188,143,Grayish lime green,green
dark_sienna,Dark Sienna,#3c1414,60,20,20,Very dark red,black
dark_slate_blue,Dark Slate Blue,#483d8b,72,61,139,Dark moderate blue,black
dark_slate_gray,Dark Slate Gray,#2f4f4f,47,79,79,Very dark desaturated cyan,black
dark_spring_green,Dark Spring Green,#177245,23,114,69,Very dark cyan - lime green,black
dark_tan,Dark Tan,#918151,145,129,81,Mostly desaturated dark yellow,black
dark_tangerine,Dark Tangerine,#ffa812,255,168,18,Vivid orange,orange
dark_taupe,Dark Taupe,#483c32,72,60,50,Very dark grayish orange,black
dark_terra_cotta,Dark Terra Cotta,#cc4e5c,204,78,92,Moderate red,red
dark_turquoise,Dark Turquoise,#00ced1,0,206,209,Strong cyan,cyan
dark_violet,Dark Violet,#9400d3,148,0,211,Strong violet,violet
dark_yellow,Dark Yellow,#9b870c,155,135,12,Dark yellow [Olive tone],black
dartmouth_green,Dartmouth Green,#00703c,0,112,60,Very dark cyan - lime green,black
davy_s_grey,Davy'S Grey,#555,85,85,85,Very dark gray,black
debian_red,Debian Red,#d70a53,215,10,83,Strong pink,pink
deep_carmine,Deep Carmine,#a9203e,169,32,62,Dark red,black
deep_carmine_pink,Deep Carmine Pink,#ef3038,239,48,56,Bright red,red
deep_carrot_orange,Deep Carrot Orange,#e9692c,233,105,44,Bright orange,orange
deep_cerise,Deep Cerise,#da3287,218,50,135,Bright pink,pink
deep_champagne,Deep Champagne,#fad6a5,250,214,165,Very soft orange,orange
deep_chestnut,Deep Chestnut,#b94e48,185,78,72,Moderate red,red
deep_coffee,Deep Coffee,#704241,112,66,65,Very dark desaturated red,black
deep_fuchsia,Deep Fuchsia,#c154c1,193,84,193,Moderate magenta,magenta
deep_jungle_green,Deep Jungle Green,#004b49,0,75,73,Very dark cyan,black
deep_lilac,Deep Lilac,#95b,153,85,187,Moderate violet,violet
deep_magenta,Deep Magenta,#c0c,204,0,204,Strong magenta,magenta
deep_peach,Deep Peach,#ffcba4,255,203,164,Pale orange,orange
deep_pink,Deep Pink,#ff1493,255,20,147,Vivid pink,pink
deep_ruby,Deep Ruby,#843f5b,132,63,91,Dark moderate pink,black
deep_saffron,Deep Saffron,#f93,255,153,51,Vivid orange,orange
deep_sky_blue,Deep Sky Blue,#00bfff,0,191,255,Pure (or mostly pure) blue,blue
deep_tuscan_red,Deep Tuscan Red,#66424d,102,66,77,Very dark desaturated pink,black
denim,Denim,#1560bd,21,96,189,Strong blue,blue
desert,Desert,#c19a6b,193,154,107,Slightly desaturated orange,orange
desert_sand,Desert Sand,#edc9af,237,201,175,Very soft orange,orange
dim_gray,Dim Gray,#696969,105,105,105,Very dark gray,black
dodger_blue,Dodger Blue,#1e90ff,30,144,255,Vivid blue,blue
dogwood_rose,Dogwood Rose,#d71868,215,24,104,Strong pink,pink
dollar_bill,Dollar Bill,#85bb65,133,187,101,Slightly desaturated green,green
drab,Drab,#967117,150,113,23,Dark orange [Brown tone],black
duke_blue,Duke Blue,#00009c,0,0,156,Dark blue,black
earth_yellow,Earth Yellow,#e1a95f,225,169,95,Soft orange,orange
ebony,Ebony,#555d50,85,93,80,Very dark grayish green,black
ecru,Ecru,#c2b280,194,178,128,Slightly desaturated yellow,yellow
eggplant,Eggplant,#614051,97,64,81,Very dark grayish pink,black
eggshell,Eggshell,#f0ead6,240,234,214,Light grayish yellow,yellow
egyptian_blue,Egyptian Blue,#1034a6,16,52,166,Dark blue,black
electric_blue,Electric Blue,#7df9ff,125,249,255,Very light cyan,cyan
electric_crimson,Electric Crimson,#ff003f,255,0,63,Pure (or mostly pure) red,red
electric_cyan,Electric Cyan,#0ff,0,255,255,Pure (or mostly pure) cyan,cyan
electric_green,Electric Green,#0f0,0,255,0,Pure (or mostly pure) lime green,green
electric_indigo,Electric Indigo,#6f00ff,111,0,255,Pure (or mostly pure) violet,violet
electric_lavender,Electric Lavender,#f4bbff,244,187,255,Pale magenta,magenta
electric_lime,Electric Lime,#cf0,204,255,0,Pure (or mostly pure) yellow,yellow
electric_purple,Electric Purple,#bf00ff,191,0,255,Pure (or mostly pure) violet,violet
electric_ultramarine,Electric Ultramarine,#3f00ff,63,0,255,Pure (or mostly pure) blue,blue
electric_violet,Electric Violet,#8f00ff,143,0,255,Pure (or mostly pure) violet,violet
electric_yellow,Electric Yellow,#ff0,255,255,0,Pure (or mostly pure) yellow,yellow
emerald,Emerald,#50c878,80,200,120,Moderate cyan - lime green,green
english_lavender,English Lavender,#b48395,180,131,149,Slightly desaturated pink,pink
eton_blue,Eton Blue,#96c8a2,150,200,162,Grayish lime green,green
fallow,Fallow,#c19a6b,193,154,107,Slightly desaturated orange,orange
falu_red,Falu Red,#801818,128,24,24,Dark red,black
fandango,Fandango,#b53389,181,51,137,Moderate pink,pink
fashion_fuchsia,Fashion Fuchsia,#f400a1,244,0,161,Pure (or mostly pure) pink,pink
fawn,Fawn,#e5aa70,229,170,112,Soft orange,orange
feldgrau,Feldgrau,#4d5d53,77,93,83,Very dark grayish cyan - lime green,black
fern_green,Fern Green,#4f7942,79,121,66,Dark moderate lime green,black
ferrari_red,Ferrari Red,#ff2800,255,40,0,Pure (or mostly pure) red,red
field_drab,Field Drab,#6c541e,108,84,30,Very dark orange [Brown tone],black
fire_engine_red,Fire Engine Red,#ce2029,206,32,41,Strong red,red
firebrick,Firebrick,#b22222,178,34,34,Dark red,black
flame,Flame,#e25822,226,88,34,Bright orange,orange
flamingo_pink,Flamingo Pink,#fc8eac,252,142,172,Very soft pink,pink
flavescent,Flavescent,#f7e98e,247,233,142,Very soft yellow,yellow
flax,Flax,#eedc82,238,220,130,Soft yellow,yellow
floral_white,Floral White,#fffaf0,255,250,240,Very pale (mostly white) orange,white
fluorescent_orange,Fluorescent Orange,#ffbf00,255,191,0,Pure (or mostly pure) orange,orange
fluorescent_pink,Fluorescent Pink,#ff1493,255,20,147,Vivid pink,pink
fluorescent_yellow,Fluorescent Yellow,#cf0,204,255,0,Pure (or mostly pure) yellow,yellow
folly,Folly,#ff004f,255,0,79,Pure (or mostly pure) pink,pink
forest_green_traditional,Forest Green (Traditional),#014421,1,68,33,Very dark cyan - lime green,black
forest_green_web,Forest Green (Web),#228b22,34,139,34,Dark lime green,black
french_beige,French Beige,#a67b5b,166,123,91,Dark moderate orange,black
french_blue,French Blue,#0072bb,0,114,187,Strong blue,blue
french_lilac,French Lilac,#86608e,134,96,142,Mostly desaturated dark magenta,black
french_lime,French Lime,#cf0,204,255,0,Pure (or mostly pure) yellow,yellow
french_raspberry,French Raspberry,#c72c48,199,44,72,Strong red,red
french_rose,French Rose,#f64a8a,246,74,138,Soft pink,pink
fuchsia,Fuchsia,#f0f,255,0,255,Pure (or mostly pure) magenta,magenta
fuchsia_crayola,Fuchsia (Crayola),#c154c1,193,84,193,Moderate magenta,magenta
fuchsia_pink,Fuchsia Pink,#f7f,255,119,255,Very light magenta,magenta
fuchsia_rose,Fuchsia Rose,#c74375,199,67,117,Moderate pink,pink
fulvous,Fulvous,#e48400,228,132,0,Pure (or mostly pure) orange,orange
fuzzy_wuzzy,Fuzzy Wuzzy,#c66,204,102,102,Moderate red,red
gainsboro,Gainsboro,#dcdcdc,220,220,220,Very light gray,gray
gamboge,Gamboge,#e49b0f,228,155,15,Vivid orange,orange
ghost_white,Ghost White,#f8f8ff,248,248,255,Very pale (mostly white) blue,white
ginger,Ginger,#b06500,176,101,0,Dark orange [Brown tone],black
glaucous,Glaucous,#6082b6,96,130,182,Slightly desaturated blue,blue
glitter,Glitter,#e6e8fa,230,232,250,Light grayish blue,blue
gold_metallic,Gold (Metallic),#d4af37,212,175,55,Moderate yellow,yellow
gold_web_golden,Gold (Web) (Golden),#ffd700,255,215,0,Pure (or mostly pure) yellow,yellow
golden_brown,Golden Brown,#996515,153,101,21,Dark orange [Brown tone],black
golden_poppy,Golden Poppy,#fcc200,252,194,0,Pure (or mostly pure) yellow,yellow
golden_yellow,Golden Yellow,#ffdf00,255,223,0,Pure (or mostly pure) yellow,yellow
goldenrod,Goldenrod,#daa520,218,165,32,Vivid orange,orange
granny_smith_apple,Granny Smith Apple,#a8e4a0,168,228,160,Very soft lime green,green
gray,Gray,#808080,128,128,128,Dark gray,black
gray_asparagus,Gray-Asparagus,#465945,70,89,69,Very dark grayish lime green,black
gray_html_css_gray,Gray (Html/Css Gray),#808080,128,128,128,Dark gray,black
gray_x11_gray,Gray (X11 Gray),#bebebe,190,190,190,Gray,gray
green_color_wheel_x11_green,Green (Color Wheel) (X11 Green),#0f0,0,255,0,Pure (or mostly pure) lime green,green
green_crayola,Green (Crayola),#1cac78,28,172,120,Dark cyan - lime green,black
green_html_css_green,Green (Html/Css Green),#008000,0,128,0,Dark lime green,black
green_munsell,Green (Munsell),#00a877,0,168,119,Dark cyan - lime green,black
green_ncs,Green (Ncs),#009f6b,0,159,107,Dark cyan - lime green,black
green_pigment,Green (Pigment),#00a550,0,165,80,Dark cyan - lime green,black
green_ryb,Green (Ryb),#66b032,102,176,50,Dark green,black
green_yellow,Green-Yellow,#adff2f,173,255,47,Vivid green,green
grullo,Grullo,#a99a86,169,154,134,Dark grayish orange,black
guppie_green,Guppie Green,#00ff7f,0,255,127,Pure (or mostly pure) cyan - lime green,green
halay_be,Halayà úBe,#663854,102,56,84,Very dark desaturated pink,black
han_blue,Han Blue,#446ccf,68,108,207,Moderate blue,blue
han_purple,Han Purple,#5218fa,82,24,250,Vivid violet,violet
hansa_yellow,Hansa Yellow,#e9d66b,233,214,107,Soft yellow,yellow
harlequin,Harlequin,#3fff00,63,255,0,Pure (or mostly pure) lime green,green
harvard_crimson,Harvard Crimson,#c90016,201,0,22,Strong red,red
harvest_gold,Harvest Gold,#da9100,218,145,0,Pure (or mostly pure) orange,orange
heart_gold,Heart Gold,#808000,128,128,0,Dark yellow [Olive tone],black
heliotrope,Heliotrope,#df73ff,223,115,255,Very light magenta,magenta
hollywood_cerise,Hollywood Cerise,#f400a1,244,0,161,Pure (or mostly pure) pink,pink
honeydew,Honeydew,#f0fff0,240,255,240,Very pale (mostly white) lime green,white
honolulu_blue,Honolulu Blue,#007fbf,0,127,191,Strong blue,blue
hooker_s_green,Hooker'S Green,#49796b,73,121,107,Mostly desaturated dark cyan - lime green,black
hot_magenta,Hot Magenta,#ff1dce,255,29,206,Vivid magenta,magenta
hot_pink,Hot Pink,#ff69b4,255,105,180,Very light pink,pink
hunter_green,Hunter Green,#355e3b,53,94,59,Very dark desaturated lime green,black
iceberg,Iceberg,#71a6d2,113,166,210,Slightly desaturated blue,blue
icterine,Icterine,#fcf75e,252,247,94,Soft yellow,yellow
imperial_blue,Imperial Blue,#002395,0,35,149,Dark blue,black
inchworm,Inchworm,#b2ec5d,178,236,93,Soft green,green
india_green,India Green,#138808,19,136,8,Dark lime green,black
indian_red,Indian Red,#cd5c5c,205,92,92,Moderate red,red
indian_yellow,Indian Yellow,#e3a857,227,168,87,Soft orange,orange
indigo,Indigo,#6f00ff,111,0,255,Pure (or mostly pure) violet,violet
indigo_dye,Indigo (Dye),#00416a,0,65,106,Very dark blue,black
indigo_web,Indigo (Web),#4b0082,75,0,130,Dark violet,black
international_klein_blue,International Klein Blue,#002fa7,0,47,167,Dark blue,black
international_orange_aerospace,International Orange (Aerospace),#ff4f00,255,79,0,Pure (or mostly pure) orange,orange
international_orange_engineering,International Orange (Engineering),#ba160c,186,22,12,Strong red,red
international_orange_golden_gate_bridge,International Orange (Golden Gate Bridge),#c0362c,192,54,44,Strong red,red
iris,Iris,#5a4fcf,90,79,207,Moderate blue,blue
isabelline,Isabelline,#f4f0ec,244,240,236,Light grayish orange,gray
islamic_green,Islamic Green,#009000,0,144,0,Dark lime green,black
ivory,Ivory,#fffff0,255,255,240,Very pale (mostly white) yellow,white
jade,Jade,#00a86b,0,168,107,Dark cyan - lime green,black
jasmine,Jasmine,#f8de7e,248,222,126,Soft yellow,yellow
jasper,Jasper,#d73b3e,215,59,62,Moderate red,red
jazzberry_jam,Jazzberry Jam,#a50b5e,165,11,94,Dark pink,black
jet,Jet,#343434,52,52,52,Very dark gray,black
jonquil,Jonquil,#fada5e,250,218,94,Soft yellow,yellow
june_bud,June Bud,#bdda57,189,218,87,Soft yellow,yellow
jungle_green,Jungle Green,#29ab87,41,171,135,Dark cyan - lime green,black
kelly_green,Kelly Green,#4cbb17,76,187,23,Strong green,green
kenyan_copper,Kenyan Copper,#7c1c05,124,28,5,Dark red,black
khaki_html_css_khaki,Khaki (Html/Css) (Khaki),#c3b091,195,176,145,Slightly desaturated orange,orange
khaki_x11_light_khaki,Khaki (X11) (Light Khaki),#f0e68c,240,230,140,Very soft yellow,yellow
ku_crimson,Ku Crimson,#e8000d,232,0,13,Pure (or mostly pure) red,red
la_salle_green,La Salle Green,#087830,8,120,48,Dark cyan - lime green,black
languid_lavender,Languid Lavender,#d6cadd,214,202,221,Light grayish violet,gray
lapis_lazuli,Lapis Lazuli,#26619c,38,97,156,Dark blue,black
laser_lemon,Laser Lemon,#fefe22,254,254,34,Vivid yellow,yellow
laurel_green,Laurel Green,#a9ba9d,169,186,157,Grayish green,green
lava,Lava,#cf1020,207,16,32,Strong red,red
lavender_blue,Lavender Blue,#ccf,204,204,255,Very pale blue,blue
lavender_blush,Lavender Blush,#fff0f5,255,240,245,Very pale (mostly white) pink,white
lavender_floral,Lavender (Floral),#b57edc,181,126,220,Very soft violet,violet
lavender_gray,Lavender Gray,#c4c3d0,196,195,208,Grayish blue,blue
lavender_indigo,Lavender Indigo,#9457eb,148,87,235,Soft violet,violet
lavender_magenta,Lavender Magenta,#ee82ee,238,130,238,Soft magenta,magenta
lavender_mist,Lavender Mist,#e6e6fa,230,230,250,Light grayish blue,blue
lavender_pink,Lavender Pink,#fbaed2,251,174,210,Very soft pink,pink
lavender_purple,Lavender Purple,#967bb6,150,123,182,Slightly desaturated violet,violet
lavender_rose,Lavender Rose,#fba0e3,251,160,227,Very soft pink,pink
lavender_web,Lavender (Web),#e6e6fa,230,230,250,Light grayish blue,blue
lawn_green,Lawn Green,#7cfc00,124,252,0,Pure (or mostly pure) green,green
lemon,Lemon,#fff700,255,247,0,Pure (or mostly pure) yellow,yellow
lemon_chiffon,Lemon Chiffon,#fffacd,255,250,205,Very pale yellow,yellow
lemon_lime,Lemon Lime,#e3ff00,227,255,0,Pure (or mostly pure) yellow,yellow
licorice,Licorice,#1a1110,26,17,16,Very dark (mostly black) red,black
light_apricot,Light Apricot,#fdd5b1,253,213,177,Very soft orange,orange
light_blue,Light Blue,#add8e6,173,216,230,Very soft cyan,cyan
light_brown,Light Brown,#b5651d,181,101,29,Strong orange,orange
light_carmine_pink,Light Carmine Pink,#e66771,230,103,113,Soft red,red
light_coral,Light Coral,#f08080,240,128,128,Soft red,red
light_cornflower_blue,Light Cornflower Blue,#93ccea,147,204,234,Very soft blue,blue
light_crimson,Light Crimson,#f56991,245,105,145,Soft pink,pink
light_cyan,Light Cyan,#e0ffff,224,255,255,Very pale cyan,cyan
light_fuchsia_pink,Light Fuchsia Pink,#f984ef,249,132,239,Soft magenta,magenta
light_goldenrod_yellow,Light Goldenrod Yellow,#fafad2,250,250,210,Light grayish yellow,yellow
light_gray,Light Gray,#d3d3d3,211,211,211,Light gray,gray
light_green,Light Green,#90ee90,144,238,144,Very soft lime green,green
light_khaki,Light Khaki,#f0e68c,240,230,140,Very soft yellow,yellow
light_pastel_purple,Light Pastel Purple,#b19cd9,177,156,217,Very soft violet,violet
light_pink,Light Pink,#ffb6c1,255,182,193,Pale red,red
light_red_ochre,Light Red Ochre,#e97451,233,116,81,Soft red,red
light_salmon,Light Salmon,#ffa07a,255,160,122,Very light orange,orange
light_salmon_pink,Light Salmon Pink,#f99,255,153,153,Very light red,red
light_sea_green,Light Sea Green,#20b2aa,32,178,170,Dark cyan,black
light_sky_blue,Light Sky Blue,#87cefa,135,206,250,Soft blue,blue
light_slate_gray,Light Slate Gray,#789,119,136,153,Dark grayish blue,black
light_taupe,Light Taupe,#b38b6d,179,139,109,Slightly desaturated orange,orange
light_thulian_pink,Light Thulian Pink,#e68fac,230,143,172,Very soft pink,pink
light_yellow,Light Yellow,#ffffe0,255,255,224,Very pale yellow,yellow
lilac,Lilac,#c8a2c8,200,162,200,Grayish magenta,gray
lime_color_wheel,Lime (Color Wheel),#bfff00,191,255,0,Pure (or mostly pure) green,green
lime_green,Lime Green,#32cd32,50,205,50,Strong lime green,green
lime_web_x11_green,Lime (Web) (X11 Green),#0f0,0,255,0,Pure (or mostly pure) lime green,green
limerick,Limerick,#9dc209,157,194,9,Strong yellow,yellow
lincoln_green,Lincoln Green,#195905,25,89,5,Very dark lime green,black
linen,Linen,#faf0e6,250,240,230,Light grayish orange,gray
lion,Lion,#c19a6b,193,154,107,Slightly desaturated orange,orange
little_boy_blue,Little Boy Blue,#6ca0dc,108,160,220,Soft blue,blue
liver,Liver,#534b4f,83,75,79,Very dark grayish pink,black
lust,Lust,#e62020,230,32,32,Vivid red,red
magenta,Magenta,#f0f,255,0,255,Pure (or mostly pure) magenta,magenta
magenta_dye,Magenta (Dye),#ca1f7b,202,31,123,Strong pink,pink
magenta_process,Magenta (Process),#ff0090,255,0,144,Pure (or mostly pure) pink,pink
magic_mint,Magic Mint,#aaf0d1,170,240,209,Very soft cyan - lime green,green
magnolia,Magnolia,#f8f4ff,248,244,255,Very pale (mostly white) violet,white
mahogany,Mahogany,#c04000,192,64,0,Strong orange,orange
maize,Maize,#fbec5d,251,236,93,Soft yellow,yellow
majorelle_blue,Majorelle Blue,#6050dc,96,80,220,Soft blue,blue
malachite,Malachite,#0bda51,11,218,81,Vivid cyan - lime green,green
manatee,Manatee,#979aaa,151,154,170,Dark grayish blue,black
mango_tango,Mango Tango,#ff8243,255,130,67,Light orange,orange
mantis,Mantis,#74c365,116,195,101,Slightly desaturated lime green,green
mardi_gras,Mardi Gras,#880085,136,0,133,Dark magenta,black
maroon_crayola,Maroon (Crayola),#c32148,195,33,72,Strong red,red
maroon_html_css,Maroon (Html/Css),#800000,128,0,0,Dark red,black
maroon_x11,Maroon (X11),#b03060,176,48,96,Dark pink,black
mauve,Mauve,#e0b0ff,224,176,255,Pale violet,violet
mauve_taupe,Mauve Taupe,#915f6d,145,95,109,Mostly desaturated dark pink,black
mauvelous,Mauvelous,#ef98aa,239,152,170,Very soft red,red
maya_blue,Maya Blue,#73c2fb,115,194,251,Soft blue,blue
meat_brown,Meat Brown,#e5b73b,229,183,59,Bright orange,orange
medium_aquamarine,Medium Aquamarine,#6da,102,221,170,Soft cyan - lime green,green
medium_blue,Medium Blue,#0000cd,0,0,205,Strong blue,blue
medium_candy_apple_red,Medium Candy Apple Red,#e2062c,226,6,44,Vivid red,red
medium_carmine,Medium Carmine,#af4035,175,64,53,Dark moderate red,black
medium_champagne,Medium Champagne,#f3e5ab,243,229,171,Very soft yellow,yellow
medium_electric_blue,Medium Electric Blue,#035096,3,80,150,Dark blue,black
medium_jungle_green,Medium Jungle Green,#1c352d,28,53,45,Very dark desaturated cyan - lime green,black
medium_lavender_magenta,Medium Lavender Magenta,#dda0dd,221,160,221,Very soft magenta,magenta
medium_orchid,Medium Orchid,#ba55d3,186,85,211,Moderate magenta,magenta
medium_persian_blue,Medium Persian Blue,#0067a5,0,103,165,Dark blue,black
medium_purple,Medium Purple,#9370db,147,112,219,Soft violet,violet
medium_red_violet,Medium Red-Violet,#bb3385,187,51,133,Moderate pink,pink
medium_ruby,Medium Ruby,#aa4069,170,64,105,Dark moderate pink,black
medium_sea_green,Medium Sea Green,#3cb371,60,179,113,Moderate cyan - lime green,green
medium_slate_blue,Medium Slate Blue,#7b68ee,123,104,238,Soft blue,blue
medium_spring_bud,Medium Spring Bud,#c9dc87,201,220,135,Very soft yellow,yellow
medium_spring_green,Medium Spring Green,#00fa9a,0,250,154,Pure (or mostly pure) cyan - lime green,green
medium_taupe,Medium Taupe,#674c47,103,76,71,Very dark grayish red,black
medium_turquoise,Medium Turquoise,#48d1cc,72,209,204,Moderate cyan,cyan
medium_tuscan_red,Medium Tuscan Red,#79443b,121,68,59,Dark moderate red,black
medium_vermilion,Medium Vermilion,#d9603b,217,96,59,Bright red,red
medium_violet_red,Medium Violet-Red,#c71585,199,21,133,Strong pink,pink
mellow_apricot,Mellow Apricot,#f8b878,248,184,120,Soft orange,orange
mellow_yellow,Mellow Yellow,#f8de7e,248,222,126,Soft yellow,yellow
melon,Melon,#fdbcb4,253,188,180,Very soft red,red
midnight_blue,Midnight Blue,#191970,25,25,112,Very dark blue,black
midnight_green_eagle_green,Midnight Green (Eagle Green),#004953,0,73,83,Very dark cyan,black
mikado_yellow,Mikado Yellow,#ffc40c,255,196,12,Vivid yellow,yellow
mint,Mint,#3eb489,62,180,137,Moderate cyan - lime green,green
mint_cream,Mint Cream,#f5fffa,245,255,250,Very pale (mostly white) cyan - lime green,white
mint_green,Mint Green,#98ff98,152,255,152,Very light lime green,green
misty_rose,Misty Rose,#ffe4e1,255,228,225,Very pale red [Pink tone],red
moccasin,Moccasin,#faebd7,250,235,215,Light grayish orange,gray
mode_beige,Mode Beige,#967117,150,113,23,Dark orange [Brown tone],black
moonstone_blue,Moonstone Blue,#73a9c2,115,169,194,Slightly desaturated blue,blue
mordant_red_19,Mordant Red 19,#ae0c00,174,12,0,Dark red,black
moss_green,Moss Green,#addfad,173,223,173,Very soft lime green,green
mountain_meadow,Mountain Meadow,#30ba8f,48,186,143,Moderate cyan - lime green,green
mountbatten_pink,Mountbatten Pink,#997a8d,153,122,141,Dark grayish pink,black
msu_green,Msu Green,#18453b,24,69,59,Very dark cyan,black
mulberry,Mulberry,#c54b8c,197,75,140,Moderate pink,pink
mustard,Mustard,#ffdb58,255,219,88,Light yellow,yellow
myrtle,Myrtle,#21421e,33,66,30,Very dark desaturated lime green,black
nadeshiko_pink,Nadeshiko Pink,#f6adc6,246,173,198,Very soft pink,pink
napier_green,Napier Green,#2a8000,42,128,0,Dark green,black
naples_yellow,Naples Yellow,#fada5e,250,218,94,Soft yellow,yellow
navajo_white,Navajo White,#ffdead,255,222,173,Pale orange,orange
navy_blue,Navy Blue,#000080,0,0,128,Dark blue,black
neon_carrot,Neon Carrot,#ffa343,255,163,67,Light orange,orange
neon_fuchsia,Neon Fuchsia,#fe4164,254,65,100,Bright red,red
neon_green,Neon Green,#39ff14,57,255,20,Vivid lime green,green
new_york_pink,New York Pink,#d7837f,215,131,127,Slightly desaturated red,red
non_photo_blue,Non-Photo Blue,#a4dded,164,221,237,Very soft cyan,cyan
north_texas_green,North Texas Green,#059033,5,144,51,Dark cyan - lime green,black
ocean_boat_blue,Ocean Boat Blue,#0077be,0,119,190,Strong blue,blue
ochre,Ochre,#c72,204,119,34,Strong orange,orange
office_green,Office Green,#008000,0,128,0,Dark lime green,black
old_gold,Old Gold,#cfb53b,207,181,59,Moderate yellow,yellow
old_lace,Old Lace,#fdf5e6,253,245,230,Light grayish orange,gray
old_lavender,Old Lavender,#796878,121,104,120,Dark grayish magenta,black
old_mauve,Old Mauve,#673147,103,49,71,Very dark desaturated pink,black
old_rose,Old Rose,#c08081,192,128,129,Slightly desaturated red,red
olive,Olive,#808000,128,128,0,Dark yellow [Olive tone],black
olive_drab_7,Olive Drab #7,#3c341f,60,52,31,Very dark desaturated orange,black
olive_drab_web_olive_drab_3,Olive Drab (Web) (Olive Drab #3),#6b8e23,107,142,35,Dark green,black
olivine,Olivine,#9ab973,154,185,115,Slightly desaturated green,green
onyx,Onyx,#353839,53,56,57,Very dark grayish blue,black
opera_mauve,Opera Mauve,#b784a7,183,132,167,Slightly desaturated pink,pink
orange_color_wheel,Orange (Color Wheel),#ff7f00,255,127,0,Pure (or mostly pure) orange,orange
orange_peel,Orange Peel,#ff9f00,255,159,0,Pure (or mostly pure) orange,orange
orange_red,Orange-Red,#ff4500,255,69,0,Pure (or mostly pure) orange,orange
orange_ryb,Orange (Ryb),#fb9902,251,153,2,Vivid orange,orange
orange_web_color,Orange (Web Color),#ffa500,255,165,0,Pure (or mostly pure) orange,orange
orchid,Orchid,#da70d6,218,112,214,Soft magenta,magenta
otter_brown,Otter Brown,#654321,101,67,33,Very dark orange [Brown tone],black
ou_crimson_red,Ou Crimson Red,#900,153,0,0,Dark red,black
outer_space,Outer Space,#414a4c,65,74,76,Very dark grayish cyan,black
outrageous_orange,Outrageous Orange,#ff6e4a,255,110,74,Light red,red
oxford_blue,Oxford Blue,#002147,0,33,71,Very dark blue,black
pakistan_green,Pakistan Green,#060,0,102,0,Very dark lime green,black
palatinate_blue,Palatinate Blue,#273be2,39,59,226,Bright blue,blue
palatinate_purple,Palatinate Purple,#682860,104,40,96,Very dark magenta,black
pale_aqua,Pale Aqua,#bcd4e6,188,212,230,Light grayish blue,blue
pale_blue,Pale Blue,#afeeee,175,238,238,Very soft cyan,cyan
pale_brown,Pale Brown,#987654,152,118,84,Mostly desaturated dark orange,black
pale_carmine,Pale Carmine,#af4035,175,64,53,Dark moderate red,black
pale_cerulean,Pale Cerulean,#9bc4e2,155,196,226,Very soft blue,blue
pale_chestnut,Pale Chestnut,#ddadaf,221,173,175,Very soft red,red
pale_copper,Pale Copper,#da8a67,218,138,103,Soft orange,orange
pale_cornflower_blue,Pale Cornflower Blue,#abcdef,171,205,239,Very soft blue,blue
pale_gold,Pale Gold,#e6be8a,230,190,138,Very soft orange,orange
pale_goldenrod,Pale Goldenrod,#eee8aa,238,232,170,Very soft yellow,yellow
pale_green,Pale Green,#98fb98,152,251,152,Very soft lime green,green
pale_lavender,Pale Lavender,#dcd0ff,220,208,255,Very pale violet,violet
pale_magenta,Pale Magenta,#f984e5,249,132,229,Soft magenta,magenta
pale_pink,Pale Pink,#fadadd,250,218,221,Light grayish red,red
pale_plum,Pale Plum,#dda0dd,221,160,221,Very soft magenta,magenta
pale_red_violet,Pale Red-Violet,#db7093,219,112,147,Soft pink,pink
pale_robin_egg_blue,Pale Robin Egg Blue,#96ded1,150,222,209,Very soft cyan,cyan
pale_silver,Pale Silver,#c9c0bb,201,192,187,Grayish orange,gray
pale_spring_bud,Pale Spring Bud,#ecebbd,236,235,189,Light grayish yellow,yellow
pale_taupe,Pale Taupe,#bc987e,188,152,126,Slightly desaturated orange,orange
pale_violet_red,Pale Violet-Red,#db7093,219,112,147,Soft pink,pink
pansy_purple,Pansy Purple,#78184a,120,24,74,Dark pink,black
papaya_whip,Papaya Whip,#ffefd5,255,239,213,Very pale orange,orange
paris_green,Paris Green,#50c878,80,200,120,Moderate cyan - lime green,green
pastel_blue,Pastel Blue,#aec6cf,174,198,207,Grayish blue,blue
pastel_brown,Pastel Brown,#836953,131,105,83,Mostly desaturated dark orange,black
pastel_gray,Pastel Gray,#cfcfc4,207,207,196,Grayish yellow,yellow
pastel_green,Pastel Green,#7d7,119,221,119,Soft lime green,green
pastel_magenta,Pastel Magenta,#f49ac2,244,154,194,Very soft pink,pink
pastel_orange,Pastel Orange,#ffb347,255,179,71,Light orange,orange
pastel_pink,Pastel Pink,#dea5a4,222,165,164,Very soft red,red
pastel_purple,Pastel Purple,#b39eb5,179,158,181,Grayish magenta,gray
pastel_red,Pastel Red,#ff6961,255,105,97,Light red,red
pastel_violet,Pastel Violet,#cb99c9,203,153,201,Grayish magenta,gray
pastel_yellow,Pastel Yellow,#fdfd96,253,253,150,Very soft yellow,yellow
patriarch,Patriarch,#800080,128,0,128,Dark magenta,black
payne_s_grey,Payne'S Grey,#536878,83,104,120,Mostly desaturated dark blue,black
peach,Peach,#ffe5b4,255,229,180,Pale orange,orange
peach_crayola,Peach (Crayola),#ffcba4,255,203,164,Pale orange,orange
peach_orange,Peach-Orange,#fc9,255,204,153,Very light orange,orange
peach_puff,Peach Puff,#ffdab9,255,218,185,Pale orange,orange
peach_yellow,Peach-Yellow,#fadfad,250,223,173,Very soft orange,orange
pear,Pear,#d1e231,209,226,49,Bright yellow,yellow
pearl,Pearl,#eae0c8,234,224,200,Light grayish orange,gray
pearl_aqua,Pearl Aqua,#88d8c0,136,216,192,Slightly desaturated cyan - lime green,green
pearly_purple,Pearly Purple,#b768a2,183,104,162,Slightly desaturated pink,pink
peridot,Peridot,#e6e200,230,226,0,Pure (or mostly pure) yellow,yellow
periwinkle,Periwinkle,#ccf,204,204,255,Very pale blue,blue
persian_blue,Persian Blue,#1c39bb,28,57,187,Strong blue,blue
persian_green,Persian Green,#00a693,0,166,147,Dark cyan,black
persian_indigo,Persian Indigo,#32127a,50,18,122,Dark violet,black
persian_orange,Persian Orange,#d99058,217,144,88,Soft orange,orange
persian_pink,Persian Pink,#f77fbe,247,127,190,Soft pink,pink
persian_plum,Persian Plum,#701c1c,112,28,28,Very dark red,black
persian_red,Persian Red,#c33,204,51,51,Strong red,red
persian_rose,Persian Rose,#fe28a2,254,40,162,Bright pink,pink
persimmon,Persimmon,#ec5800,236,88,0,Pure (or mostly pure) orange,orange
peru,Peru,#cd853f,205,133,63,Moderate orange,orange
phlox,Phlox,#df00ff,223,0,255,Pure (or mostly pure) magenta,magenta
phthalo_blue,Phthalo Blue,#000f89,0,15,137,Dark blue,black
phthalo_green,Phthalo Green,#123524,18,53,36,Very dark cyan - lime green,black
piggy_pink,Piggy Pink,#fddde6,253,221,230,Light grayish pink,pink
pine_green,Pine Green,#01796f,1,121,111,Dark cyan,black
pink,Pink,#ffc0cb,255,192,203,Very pale red,red
pink_lace,Pink Lace,#ffddf4,255,221,244,Very pale pink,pink
pink_orange,Pink-Orange,#ffa500,255,153,102,Pure (or mostly pure) orange,orange
pink_pearl,Pink Pearl,#e7accf,231,172,207,Very soft pink,pink
pink_sherbet,Pink Sherbet,#f78fa7,247,143,167,Very soft red,red
pistachio,Pistachio,#93c572,147,197,114,Slightly desaturated green,green
platinum,Platinum,#e5e4e2,229,228,226,Light grayish orange,gray
plum_traditional,Plum (Traditional),#8e4585,142,69,133,Dark moderate magenta,black
plum_web,Plum (Web),#dda0dd,221,160,221,Very soft magenta,magenta
portland_orange,Portland Orange,#ff5a36,255,90,54,Light red,red
powder_blue_web,Powder Blue (Web),#b0e0e6,176,224,230,Very soft cyan,cyan
princeton_orange,Princeton Orange,#ff8f00,255,143,0,Pure (or mostly pure) orange,orange
prune,Prune,#701c1c,112,28,28,Very dark red,black
prussian_blue,Prussian Blue,#003153,0,49,83,Very dark blue,black
psychedelic_purple,Psychedelic Purple,#df00ff,223,0,255,Pure (or mostly pure) magenta,magenta
puce,Puce,#c89,204,136,153,Slightly desaturated red,red
pumpkin,Pumpkin,#ff7518,255,117,24,Vivid orange,orange
purple_heart,Purple Heart,#69359c,105,53,156,Dark moderate violet,black
purple_html_css,Purple (Html/Css),#800080,128,0,128,Dark magenta,black
purple_mountain_majesty,Purple Mountain Majesty,#9678b6,150,120,182,Slightly desaturated violet,violet
purple_munsell,Purple (Munsell),#9f00c5,159,0,197,Strong magenta,magenta
purple_pizzazz,Purple Pizzazz,#fe4eda,254,78,218,Soft magenta,magenta
purple_taupe,Purple Taupe,#50404d,80,64,77,Very dark grayish magenta,black
purple_x11,Purple (X11),#a020f0,160,32,240,Vivid violet,violet
quartz,Quartz,#51484f,81,72,79,Very dark grayish magenta,black
rackley,Rackley,#5d8aa8,93,138,168,Mostly desaturated dark blue,black
radical_red,Radical Red,#ff355e,255,53,94,Light red,red
rajah,Rajah,#fbab60,251,171,96,Soft orange,orange
raspberry,Raspberry,#e30b5d,227,11,93,Vivid pink,pink
raspberry_glace,Raspberry Glace,#915f6d,145,95,109,Mostly desaturated dark pink,black
raspberry_pink,Raspberry Pink,#e25098,226,80,152,Soft pink,pink
raspberry_rose,Raspberry Rose,#b3446c,179,68,108,Moderate pink,pink
raw_umber,Raw Umber,#826644,130,102,68,Dark moderate orange,black
razzle_dazzle_rose,Razzle Dazzle Rose,#f3c,255,51,204,Vivid pink,pink
razzmatazz,Razzmatazz,#e3256b,227,37,107,Bright pink,pink
red,Red,#f00,255,0,0,Pure (or mostly pure) red,red
red_brown,Red-Brown,#a52a2a,165,42,42,Dark red,black
red_devil,Red Devil,#860111,134,1,17,Dark red,black
red_munsell,Red (Munsell),#f2003c,242,0,60,Pure (or mostly pure) red,red
red_ncs,Red (Ncs),#c40233,196,2,51,Strong pink,pink
red_orange,Red-Orange,#ff5349,255,83,73,Light red,red
red_pigment,Red (Pigment),#ed1c24,237,28,36,Vivid red,red
red_ryb,Red (Ryb),#fe2712,254,39,18,Vivid red,red
red_violet,Red-Violet,#c71585,199,21,133,Strong pink,pink
redwood,Redwood,#ab4e52,171,78,82,Dark moderate red,black
regalia,Regalia,#522d80,82,45,128,Dark moderate violet,black
resolution_blue,Resolution Blue,#002387,0,35,135,Dark blue,black
rich_black,Rich Black,#004040,0,64,64,Very dark cyan,black
rich_brilliant_lavender,Rich Brilliant Lavender,#f1a7fe,241,167,254,Very soft magenta,magenta
rich_carmine,Rich Carmine,#d70040,215,0,64,Strong pink,pink
rich_electric_blue,Rich Electric Blue,#0892d0,8,146,208,Strong blue,blue
rich_lavender,Rich Lavender,#a76bcf,167,107,207,Slightly desaturated violet,violet
rich_lilac,Rich Lilac,#b666d2,182,102,210,Moderate violet,violet
rich_maroon,Rich Maroon,#b03060,176,48,96,Dark pink,black
rifle_green,Rifle Green,#414833,65,72,51,Very dark grayish green,black
robin_egg_blue,Robin Egg Blue,#0cc,0,204,204,Strong cyan,cyan
rose,Rose,#ff007f,255,0,127,Pure (or mostly pure) pink,pink
rose_bonbon,Rose Bonbon,#f9429e,249,66,158,Bright pink,pink
rose_ebony,Rose Ebony,#674846,103,72,70,Very dark grayish red,black
rose_gold,Rose Gold,#b76e79,183,110,121,Slightly desaturated red,red
rose_madder,Rose Madder,#e32636,227,38,54,Bright red,red
rose_pink,Rose Pink,#f6c,255,102,204,Light pink,pink
rose_quartz,Rose Quartz,#aa98a9,170,152,169,Dark grayish magenta,black
rose_taupe,Rose Taupe,#905d5d,144,93,93,Mostly desaturated dark red,black
rose_vale,Rose Vale,#ab4e52,171,78,82,Dark moderate red,black
rosewood,Rosewood,#65000b,101,0,11,Very dark red,black
rosso_corsa,Rosso Corsa,#d40000,212,0,0,Strong red,red
rosy_brown,Rosy Brown,#bc8f8f,188,143,143,Grayish red,red
royal_azure,Royal Azure,#0038a8,0,56,168,Dark blue,black
royal_blue_traditional,Royal Blue (Traditional),#002366,0,35,102,Very dark blue,black
royal_blue_web,Royal Blue (Web),#4169e1,65,105,225,Bright blue,blue
royal_fuchsia,Royal Fuchsia,#ca2c92,202,44,146,Strong pink,pink
royal_purple,Royal Purple,#7851a9,120,81,169,Dark moderate violet,black
royal_yellow,Royal Yellow,#fada5e,250,218,94,Soft yellow,yellow
rubine_red,Rubine Red,#d10056,209,0,86,Strong pink,pink
ruby,Ruby,#e0115f,224,17,95,Vivid pink,pink
ruby_red,Ruby Red,#9b111e,155,17,30,Dark red,black
ruddy,Ruddy,#ff0028,255,0,40,Pure (or mostly pure) red,red
ruddy_brown,Ruddy Brown,#bb6528,187,101,40,Strong orange,orange
ruddy_pink,Ruddy Pink,#e18e96,225,142,150,Very soft red,red
rufous,Rufous,#a81c07,168,28,7,Dark red,black
russet,Russet,#80461b,128,70,27,Dark orange [Brown tone],black
rust,Rust,#b7410e,183,65,14,Strong orange,orange
rusty_red,Rusty Red,#da2c43,218,44,67,Bright red,red
sacramento_state_green,Sacramento State Green,#00563f,0,86,63,Very dark cyan - lime green,black
saddle_brown,Saddle Brown,#8b4513,139,69,19,Dark orange [Brown tone],black
safety_orange_blaze_orange,Safety Orange (Blaze Orange),#ff6700,255,103,0,Pure (or mostly pure) orange,orange
saffron,Saffron,#f4c430,244,196,48,Bright yellow,yellow
salmon,Salmon,#ff8c69,255,140,105,Very light red,red
salmon_pink,Salmon Pink,#ff91a4,255,145,164,Very light red,red
sand,Sand,#c2b280,194,178,128,Slightly desaturated yellow,yellow
sand_dune,Sand Dune,#967117,150,113,23,Dark orange [Brown tone],black
sandstorm,Sandstorm,#ecd540,236,213,64,Bright yellow,yellow
sandy_brown,Sandy Brown,#f4a460,244,164,96,Soft orange,orange
sandy_taupe,Sandy Taupe,#967117,150,113,23,Dark orange [Brown tone],black
sangria,Sangria,#92000a,146,0,10,Dark red,black
sap_green,Sap Green,#507d2a,80,125,42,Dark moderate green,black
sapphire,Sapphire,#0f52ba,15,82,186,Strong blue,blue
sapphire_blue,Sapphire Blue,#0067a5,0,103,165,Dark blue,black
satin_sheen_gold,Satin Sheen Gold,#cba135,203,161,53,Moderate orange,orange
scarlet,Scarlet,#ff2400,255,36,0,Pure (or mostly pure) red,red
scarlet_crayola,Scarlet (Crayola),#fd0e35,253,14,53,Vivid red,red
school_bus_yellow,School Bus Yellow,#ffd800,255,216,0,Pure (or mostly pure) yellow,yellow
screamin_green,Screamin' Green,#76ff7a,118,255,122,Very light lime green,green
sea_blue,Sea Blue,#006994,0,105,148,Dark blue,black
sea_green,Sea Green,#2e8b57,46,139,87,Dark moderate cyan - lime green,black
seal_brown,Seal Brown,#321414,50,20,20,Very dark (mostly black) red,black
seashell,Seashell,#fff5ee,255,245,238,Very pale (mostly white) orange,white
selective_yellow,Selective Yellow,#ffba00,255,186,0,Pure (or mostly pure) orange,orange
sepia,Sepia,#704214,112,66,20,Very dark orange [Brown tone],black
shadow,Shadow,#8a795d,138,121,93,Mostly desaturated dark orange,black
shamrock_green,Shamrock Green,#009e60,0,158,96,Dark cyan - lime green,black
shocking_pink,Shocking Pink,#fc0fc0,252,15,192,Vivid pink,pink
shocking_pink_crayola,Shocking Pink (Crayola),#ff6fff,255,111,255,Very light magenta,magenta
sienna,Sienna,#882d17,136,45,23,Dark red,black
silver,Silver,#c0c0c0,192,192,192,Light gray,gray
sinopia,Sinopia,#cb410b,203,65,11,Strong orange,orange
skobeloff,Skobeloff,#007474,0,116,116,Dark cyan,black
sky_blue,Sky Blue,#87ceeb,135,206,235,Very soft blue,blue
sky_magenta,Sky Magenta,#cf71af,207,113,175,Slightly desaturated pink,pink
slate_blue,Slate Blue,#6a5acd,106,90,205,Moderate blue,blue
slate_gray,Slate Gray,#708090,112,128,144,Dark grayish blue,black
smalt_dark_powder_blue,Smalt (Dark Powder Blue),#039,0,51,153,Dark blue,black
smokey_topaz,Smokey Topaz,#933d41,147,61,65,Dark moderate red,black
smoky_black,Smoky Black,#100c08,16,12,8,Very dark (mostly black) orange [Brown tone],black
snow,Snow,#fffafa,255,250,250,Very pale (mostly white) red,white
spiro_disco_ball,Spiro Disco Ball,#0fc0fc,15,192,252,Vivid blue,blue
spring_bud,Spring Bud,#a7fc00,167,252,0,Pure (or mostly pure) green,green
spring_green,Spring Green,#00ff7f,0,255,127,Pure (or mostly pure) cyan - lime green,green
st_patrick_s_blue,St. Patrick'S Blue,#23297a,35,41,122,Dark blue,black
steel_blue,Steel Blue,#4682b4,70,130,180,Moderate blue,blue
stil_de_grain_yellow,Stil De Grain Yellow,#fada5e,250,218,94,Soft yellow,yellow
stizza,Stizza,#900,153,0,0,Dark red,black
stormcloud,Stormcloud,#4f666a,79,102,106,Very dark grayish cyan,black
straw,Straw,#e4d96f,228,217,111,Soft yellow,yellow
sunglow,Sunglow,#fc3,255,204,51,Vivid yellow,yellow
sunset,Sunset,#fad6a5,250,214,165,Very soft orange,orange
tan,Tan,#d2b48c,210,180,140,Slightly desaturated orange,orange
tangelo,Tangelo,#f94d00,249,77,0,Pure (or mostly pure) orange,orange
tangerine,Tangerine,#f28500,242,133,0,Pure (or mostly pure) orange,orange
tangerine_yellow,Tangerine Yellow,#fc0,255,204,0,Pure (or mostly pure) yellow,yellow
tango_pink,Tango Pink,#e4717a,228,113,122,Soft red,red
taupe,Taupe,#483c32,72,60,50,Very dark grayish orange,black
taupe_gray,Taupe Gray,#8b8589,139,133,137,Dark grayish pink,black
tea_green,Tea Green,#d0f0c0,208,240,192,Very soft green,green
tea_rose_orange,Tea Rose (Orange),#f88379,248,131,121,Soft red,red
tea_rose_rose,Tea Rose (Rose),#f4c2c2,244,194,194,Very soft red,red
teal,Teal,#008080,0,128,128,Dark cyan,black
teal_blue,Teal Blue,#367588,54,117,136,Dark moderate cyan,black
teal_green,Teal Green,#00827f,0,130,127,Dark cyan,black
telemagenta,Telemagenta,#cf3476,207,52,118,Moderate pink,pink
tenn_tawny,Tenné (Tawny),#cd5700,205,87,0,Strong orange,orange
terra_cotta,Terra Cotta,#e2725b,226,114,91,Soft red,red
thistle,Thistle,#d8bfd8,216,191,216,Grayish magenta,gray
thulian_pink,Thulian Pink,#de6fa1,222,111,161,Soft pink,pink
tickle_me_pink,Tickle Me Pink,#fc89ac,252,137,172,Soft pink,pink
tiffany_blue,Tiffany Blue,#0abab5,10,186,181,Strong cyan,cyan
tiger_s_eye,Tiger'S Eye,#e08d3c,224,141,60,Bright orange,orange
timberwolf,Timberwolf,#dbd7d2,219,215,210,Light grayish orange,gray
titanium_yellow,Titanium Yellow,#eee600,238,230,0,Pure (or mostly pure) yellow,yellow
tomato,Tomato,#ff6347,255,99,71,Light red,red
toolbox,Toolbox,#746cc0,116,108,192,Slightly desaturated blue,blue
topaz,Topaz,#ffc87c,255,200,124,Very light orange,orange
tractor_red,Tractor Red,#fd0e35,253,14,53,Vivid red,red
trolley_grey,Trolley Grey,#808080,128,128,128,Dark gray,black
tropical_rain_forest,Tropical Rain Forest,#00755e,0,117,94,Dark cyan,black
true_blue,True Blue,#0073cf,0,115,207,Strong blue,blue
tufts_blue,Tufts Blue,#417dc1,65,125,193,Moderate blue,blue
tumbleweed,Tumbleweed,#deaa88,222,170,136,Very soft orange,orange
turkish_rose,Turkish Rose,#b57281,181,114,129,Slightly desaturated red,red
turquoise,Turquoise,#30d5c8,48,213,200,Strong cyan,cyan
turquoise_blue,Turquoise Blue,#00ffef,0,255,239,Pure (or mostly pure) cyan,cyan
turquoise_green,Turquoise Green,#a0d6b4,160,214,180,Slightly desaturated cyan - lime green,green
tuscan_red,Tuscan Red,#7c4848,124,72,72,Mostly desaturated dark red,black
twilight_lavender,Twilight Lavender,#8a496b,138,73,107,Dark moderate pink,black
tyrian_purple,Tyrian Purple,#66023c,102,2,60,Very dark pink,black
ua_blue,Ua Blue,#03a,0,51,170,Dark blue,black
ua_red,Ua Red,#d9004c,217,0,76,Pure (or mostly pure) pink,pink
ube,Ube,#8878c3,136,120,195,Slightly desaturated blue,blue
ucla_blue,Ucla Blue,#536895,83,104,149,Mostly desaturated dark blue,black
ucla_gold,Ucla Gold,#ffb300,255,179,0,Pure (or mostly pure) orange,orange
ufo_green,Ufo Green,#3cd070,60,208,112,Moderate cyan - lime green,green
ultra_pink,Ultra Pink,#ff6fff,255,111,255,Very light magenta,magenta
ultramarine,Ultramarine,#120a8f,18,10,143,Dark blue,black
ultramarine_blue,Ultramarine Blue,#4166f5,65,102,245,Bright blue,blue
umber,Umber,#635147,99,81,71,Very dark grayish orange,black
unbleached_silk,Unbleached Silk,#ffddca,255,221,202,Very pale orange,orange
united_nations_blue,United Nations Blue,#5b92e5,91,146,229,Soft blue,blue
university_of_california_gold,University Of California Gold,#b78727,183,135,39,Strong orange,orange
unmellow_yellow,Unmellow Yellow,#ff6,255,255,102,Light yellow,yellow
up_forest_green,Up Forest Green,#014421,1,68,33,Very dark cyan - lime green,black
up_maroon,Up Maroon,#7b1113,123,17,19,Dark red,black
upsdell_red,Upsdell Red,#ae2029,174,32,41,Dark red,black
urobilin,Urobilin,#e1ad21,225,173,33,Vivid orange,orange
usafa_blue,Usafa Blue,#004f98,0,79,152,Dark blue,black
usc_cardinal,Usc Cardinal,#900,153,0,0,Dark red,black
usc_gold,Usc Gold,#fc0,255,204,0,Pure (or mostly pure) yellow,yellow
utah_crimson,Utah Crimson,#d3003f,211,0,63,Strong pink,pink
vanilla,Vanilla,#f3e5ab,243,229,171,Very soft yellow,yellow
vegas_gold,Vegas Gold,#c5b358,197,179,88,Moderate yellow,yellow
venetian_red,Venetian Red,#c80815,200,8,21,Strong red,red
verdigris,Verdigris,#43b3ae,67,179,174,Moderate cyan,cyan
vermilion_cinnabar,Vermilion (Cinnabar),#e34234,227,66,52,Bright red,red
vermilion_plochere,Vermilion (Plochere),#d9603b,217,96,59,Bright red,red
veronica,Veronica,#a020f0,160,32,240,Vivid violet,violet
violet,Violet,#8f00ff,143,0,255,Pure (or mostly pure) violet,violet
violet_blue,Violet-Blue,#324ab2,50,74,178,Dark blue,black
violet_color_wheel,Violet (Color Wheel),#7f00ff,127,0,255,Pure (or mostly pure) violet,violet
violet_ryb,Violet (Ryb),#8601af,134,1,175,Dark magenta,black
violet_web,Violet (Web),#ee82ee,238,130,238,Soft magenta,magenta
viridian,Viridian,#40826d,64,130,109,Dark moderate cyan - lime green,black
vivid_auburn,Vivid Auburn,#922724,146,39,36,Dark red,black
vivid_burgundy,Vivid Burgundy,#9f1d35,159,29,53,Dark red,black
vivid_cerise,Vivid Cerise,#da1d81,218,29,129,Vivid pink,pink
vivid_tangerine,Vivid Tangerine,#ffa089,255,160,137,Very light red,red
vivid_violet,Vivid Violet,#9f00ff,159,0,255,Pure (or mostly pure) violet,violet
warm_black,Warm Black,#004242,0,66,66,Very dark cyan,black
waterspout,Waterspout,#a4f4f9,164,244,249,Very soft cyan,cyan
wenge,Wenge,#645452,100,84,82,Very dark grayish red,black
wheat,Wheat,#f5deb3,245,222,179,Very soft orange,orange
white,White,#ffffff,255,255,255,White,white
white_smoke,White Smoke,#f5f5f5,245,245,245,Very light gray (mostly white),white
wild_blue_yonder,Wild Blue Yonder,#a2add0,162,173,208,Grayish blue,blue
wild_strawberry,Wild Strawberry,#ff43a4,255,67,164,Light pink,pink
wild_watermelon,Wild Watermelon,#fc6c85,252,108,133,Soft red,red
wine,Wine,#722f37,114,47,55,Very dark desaturated red,black
wine_dregs,Wine Dregs,#673147,103,49,71,Very dark desaturated pink,black
wisteria,Wisteria,#c9a0dc,201,160,220,Very soft violet,violet
wood_brown,Wood Brown,#c19a6b,193,154,107,Slightly desaturated orange,orange
xanadu,Xanadu,#738678,115,134,120,Dark grayish cyan - lime green,black
yale_blue,Yale Blue,#0f4d92,15,77,146,Dark blue,black
yellow,Yellow,#ffff00,255,255,0,Pure (or mostly pure) yellow,yellow
yellow_green,Yellow-Green,#9acd32,154,205,50,Strong green,green
yellow_munsell,Yellow (Munsell),#efcc00,239,204,0,Pure (or mostly pure) yellow,yellow
yellow_ncs,Yellow (Ncs),#ffd300,255,211,0,Pure (or mostly pure) yellow,yellow
yellow_orange,Yellow Orange,#ffae42,255,174,66,Light orange,orange
yellow_process,Yellow (Process),#ffef00,255,239,0,Pure (or mostly pure) yellow,yellow
yellow_ryb,Yellow (Ryb),#fefe33,254,254,51,Bright yellow,yellow
zaffre,Zaffre,#0014a8,0,20,168,Dark blue,black
zinnwaldite_brown,Zinnwaldite Brown,#2c1608,44,22,8,Very dark (mostly black) orange [Brown tone],black
